"Cell","Cluster"
"cell_d0_1",1
"cell_d0_2",1
"cell_d0_3",1
"cell_d0_4",1
"cell_d0_5",1
"cell_d0_6",1
"cell_d0_7",1
"cell_d0_8",1
"cell_d0_9",1
"cell_d0_10",1
"cell_d0_11",1
"cell_d0_12",1
"cell_d0_13",1
"cell_d0_14",1
"cell_d0_15",1
"cell_d0_16",1
"cell_d0_17",1
"cell_d0_18",1
"cell_d0_19",1
"cell_d0_20",1
"cell_d0_21",1
"cell_d0_22",1
"cell_d0_23",1
"cell_d0_24",1
"cell_d0_25",1
"cell_d0_26",1
"cell_d0_27",1
"cell_d0_28",1
"cell_d0_29",1
"cell_d0_30",1
"cell_d0_31",1
"cell_d0_32",1
"cell_d0_33",1
"cell_d0_34",1
"cell_d0_35",1
"cell_d0_36",1
"cell_d0_37",1
"cell_d0_38",1
"cell_d0_39",1
"cell_d0_40",1
"cell_d0_41",1
"cell_d0_42",1
"cell_d0_43",1
"cell_d0_44",1
"cell_d0_45",1
"cell_d0_46",1
"cell_d0_47",1
"cell_d0_48",1
"cell_d0_49",1
"cell_d0_50",1
"cell_d0_51",1
"cell_d0_52",1
"cell_d0_53",1
"cell_d0_54",1
"cell_d0_55",1
"cell_d0_56",1
"cell_d0_57",1
"cell_d0_58",1
"cell_d0_59",1
"cell_d0_60",1
"cell_d0_61",1
"cell_d0_62",1
"cell_d0_63",1
"cell_d0_64",1
"cell_d0_65",1
"cell_d0_66",1
"cell_d0_67",1
"cell_d0_68",1
"cell_d0_69",1
"cell_d0_70",1
"cell_d0_71",1
"cell_d0_72",1
"cell_d0_73",1
"cell_d0_74",1
"cell_d0_75",1
"cell_d0_76",1
"cell_d0_77",1
"cell_d0_78",1
"cell_d0_79",1
"cell_d0_80",1
"cell_d0_81",1
"cell_d0_82",1
"cell_d0_83",1
"cell_d0_84",1
"cell_d0_85",1
"cell_d0_86",1
"cell_d0_87",1
"cell_d0_88",1
"cell_d0_89",1
"cell_d0_90",1
"cell_d0_91",1
"cell_d0_92",1
"cell_d0_93",1
"cell_d0_94",1
"cell_d0_95",1
"cell_d0_96",1
"cell_d0_97",1
"cell_d0_98",1
"cell_d0_99",1
"cell_d0_100",1
"cell_d0_101",1
"cell_d0_102",1
"cell_d0_103",1
"cell_d0_104",1
"cell_d0_105",1
"cell_d0_106",1
"cell_d0_107",1
"cell_d0_108",1
"cell_d0_109",1
"cell_d0_110",1
"cell_d0_111",1
"cell_d0_112",1
"cell_d0_113",1
"cell_d0_114",1
"cell_d0_115",1
"cell_d0_116",1
"cell_d0_117",1
"cell_d0_118",1
"cell_d0_119",1
"cell_d0_120",1
"cell_d0_121",1
"cell_d0_122",1
"cell_d0_123",1
"cell_d0_124",1
"cell_d0_125",1
"cell_d0_126",1
"cell_d0_127",1
"cell_d0_128",1
"cell_d0_129",1
"cell_d0_130",1
"cell_d0_131",1
"cell_d0_132",1
"cell_d0_133",1
"cell_d0_134",1
"cell_d0_135",1
"cell_d0_136",1
"cell_d0_137",1
"cell_d0_138",1
"cell_d0_139",1
"cell_d0_140",1
"cell_d0_141",1
"cell_d0_142",1
"cell_d0_143",1
"cell_d0_144",1
"cell_d0_145",1
"cell_d0_146",1
"cell_d0_147",1
"cell_d0_148",1
"cell_d0_149",1
"cell_d0_150",1
"cell_d0_151",1
"cell_d0_152",1
"cell_d0_153",1
"cell_d0_154",1
"cell_d0_155",1
"cell_d0_156",1
"cell_d0_157",1
"cell_d0_158",1
"cell_d0_159",1
"cell_d0_160",1
"cell_d0_161",1
"cell_d0_162",1
"cell_d0_163",1
"cell_d0_164",1
"cell_d0_165",1
"cell_d0_166",1
"cell_d0_167",1
"cell_d0_168",1
"cell_d0_169",1
"cell_d0_170",1
"cell_d0_171",1
"cell_d0_172",1
"cell_d0_173",1
"cell_d0_174",1
"cell_d0_175",1
"cell_d0_176",1
"cell_d0_177",1
"cell_d0_178",1
"cell_d0_179",1
"cell_d0_180",1
"cell_d0_181",1
"cell_d0_182",1
"cell_d0_183",1
"cell_d0_184",1
"cell_d0_185",1
"cell_d0_186",1
"cell_d0_187",1
"cell_d0_188",1
"cell_d0_189",1
"cell_d0_190",1
"cell_d0_191",1
"cell_d0_192",1
"cell_d0_193",1
"cell_d0_194",1
"cell_d0_195",1
"cell_d0_196",1
"cell_d0_197",1
"cell_d0_198",1
"cell_d0_199",1
"cell_d0_200",1
"cell_d0_201",1
"cell_d0_202",1
"cell_d0_203",1
"cell_d0_204",1
"cell_d0_205",1
"cell_d0_206",1
"cell_d0_207",1
"cell_d0_208",1
"cell_d0_209",1
"cell_d0_210",1
"cell_d0_211",1
"cell_d0_212",1
"cell_d0_213",1
"cell_d0_214",1
"cell_d0_215",1
"cell_d0_216",1
"cell_d0_217",1
"cell_d0_218",1
"cell_d0_219",1
"cell_d0_220",1
"cell_d0_221",1
"cell_d0_222",1
"cell_d0_223",1
"cell_d0_224",1
"cell_d0_225",1
"cell_d0_226",1
"cell_d0_227",1
"cell_d0_228",1
"cell_d0_229",1
"cell_d0_230",1
"cell_d0_231",1
"cell_d0_232",1
"cell_d0_233",1
"cell_d0_234",1
"cell_d0_235",1
"cell_d0_236",1
"cell_d0_237",1
"cell_d0_238",1
"cell_d0_239",1
"cell_d0_240",1
"cell_d0_241",1
"cell_d0_242",1
"cell_d0_243",1
"cell_d0_244",1
"cell_d0_245",1
"cell_d0_246",1
"cell_d0_247",1
"cell_d0_248",1
"cell_d0_249",1
"cell_d0_250",1
"cell_d0_251",1
"cell_d0_252",1
"cell_d0_253",1
"cell_d0_254",1
"cell_d0_255",1
"cell_d0_256",1
"cell_d0_257",1
"cell_d0_258",1
"cell_d0_259",1
"cell_d0_260",1
"cell_d0_261",1
"cell_d0_262",1
"cell_d0_263",1
"cell_d0_264",1
"cell_d0_265",1
"cell_d0_266",1
"cell_d0_267",1
"cell_d0_268",1
"cell_d0_269",1
"cell_d0_270",1
"cell_d0_271",1
"cell_d0_272",1
"cell_d0_273",1
"cell_d0_274",1
"cell_d0_275",1
"cell_d0_276",1
"cell_d0_277",1
"cell_d0_278",1
"cell_d0_279",1
"cell_d0_280",1
"cell_d0_281",1
"cell_d0_282",1
"cell_d0_283",1
"cell_d0_284",1
"cell_d0_285",1
"cell_d0_286",1
"cell_d0_287",1
"cell_d0_288",1
"cell_d0_289",1
"cell_d0_290",1
"cell_d0_291",1
"cell_d0_292",1
"cell_d0_293",1
"cell_d0_294",1
"cell_d0_295",1
"cell_d0_296",1
"cell_d0_297",1
"cell_d0_298",1
"cell_d0_299",1
"cell_d0_300",1
"cell_d0_301",1
"cell_d0_302",1
"cell_d0_303",1
"cell_d0_304",1
"cell_d0_305",1
"cell_d0_306",1
"cell_d0_307",1
"cell_d0_308",1
"cell_d0_309",1
"cell_d0_310",1
"cell_d0_311",1
"cell_d0_312",1
"cell_d0_313",1
"cell_d0_314",1
"cell_d0_315",1
"cell_d0_316",1
"cell_d0_317",1
"cell_d0_318",1
"cell_d0_319",1
"cell_d0_320",1
"cell_d0_321",1
"cell_d0_322",1
"cell_d0_323",1
"cell_d0_324",1
"cell_d0_325",1
"cell_d0_326",1
"cell_d0_327",1
"cell_d0_328",1
"cell_d0_329",1
"cell_d0_330",1
"cell_d0_331",1
"cell_d0_332",1
"cell_d0_333",1
"cell_d0_334",1
"cell_d0_335",1
"cell_d0_336",1
"cell_d0_337",1
"cell_d0_338",1
"cell_d0_339",1
"cell_d0_340",1
"cell_d0_341",1
"cell_d0_342",1
"cell_d0_343",1
"cell_d0_344",1
"cell_d0_345",1
"cell_d0_346",1
"cell_d0_347",1
"cell_d0_348",1
"cell_d0_349",1
"cell_d0_350",1
"cell_d0_351",1
"cell_d0_352",1
"cell_d0_353",1
"cell_d0_354",1
"cell_d0_355",1
"cell_d0_356",1
"cell_d0_357",1
"cell_d0_358",1
"cell_d0_359",1
"cell_d0_360",1
"cell_d0_361",1
"cell_d0_362",1
"cell_d0_363",1
"cell_d0_364",1
"cell_d0_365",1
"cell_d0_366",1
"cell_d0_367",1
"cell_d0_368",1
"cell_d0_369",1
"cell_d0_370",1
"cell_d0_371",1
"cell_d0_372",1
"cell_d0_373",1
"cell_d0_374",1
"cell_d0_375",1
"cell_d0_376",1
"cell_d0_377",1
"cell_d0_378",1
"cell_d0_379",1
"cell_d0_380",1
"cell_d0_381",1
"cell_d0_382",1
"cell_d0_383",1
"cell_d0_384",1
"cell_d0_385",1
"cell_d0_386",1
"cell_d0_387",1
"cell_d0_388",1
"cell_d0_389",1
"cell_d0_390",1
"cell_d0_391",1
"cell_d0_392",1
"cell_d0_393",1
"cell_d0_394",1
"cell_d0_395",1
"cell_d0_396",1
"cell_d0_397",1
"cell_d0_398",1
"cell_d0_399",1
"cell_d0_400",1
"cell_d0_401",1
"cell_d0_402",1
"cell_d0_403",1
"cell_d0_404",1
"cell_d0_405",1
"cell_d0_406",1
"cell_d0_407",1
"cell_d0_408",1
"cell_d0_409",1
"cell_d0_410",1
"cell_d0_411",1
"cell_d0_412",1
"cell_d0_413",1
"cell_d0_414",1
"cell_d0_415",1
"cell_d0_416",1
"cell_d0_417",1
"cell_d0_418",1
"cell_d0_419",1
"cell_d0_420",1
"cell_d0_421",1
"cell_d0_422",1
"cell_d0_423",1
"cell_d0_424",1
"cell_d0_425",1
"cell_d0_426",1
"cell_d0_427",1
"cell_d0_428",1
"cell_d0_429",1
"cell_d0_430",1
"cell_d0_431",1
"cell_d0_432",1
"cell_d0_433",1
"cell_d0_434",1
"cell_d0_435",1
"cell_d0_436",1
"cell_d0_437",1
"cell_d0_438",1
"cell_d0_439",1
"cell_d0_440",1
"cell_d0_441",1
"cell_d0_442",1
"cell_d0_443",1
"cell_d0_444",1
"cell_d0_445",1
"cell_d0_446",1
"cell_d0_447",1
"cell_d0_448",1
"cell_d0_449",1
"cell_d0_450",1
"cell_d0_451",1
"cell_d0_452",1
"cell_d0_453",1
"cell_d0_454",1
"cell_d0_455",1
"cell_d0_456",1
"cell_d0_457",1
"cell_d0_458",1
"cell_d0_459",1
"cell_d0_460",1
"cell_d0_461",1
"cell_d0_462",1
"cell_d0_463",1
"cell_d0_464",1
"cell_d0_465",1
"cell_d0_466",1
"cell_d0_467",1
"cell_d0_468",1
"cell_d0_469",1
"cell_d0_470",1
"cell_d0_471",1
"cell_d0_472",1
"cell_d0_473",1
"cell_d0_474",1
"cell_d0_475",1
"cell_d0_476",1
"cell_d0_477",1
"cell_d0_478",1
"cell_d0_479",1
"cell_d0_480",1
"cell_d0_481",1
"cell_d0_482",1
"cell_d0_483",1
"cell_d0_484",1
"cell_d0_485",1
"cell_d0_486",1
"cell_d0_487",1
"cell_d0_488",1
"cell_d0_489",1
"cell_d0_490",1
"cell_d0_491",1
"cell_d0_492",1
"cell_d0_493",1
"cell_d0_494",1
"cell_d0_495",1
"cell_d0_496",1
"cell_d0_497",1
"cell_d0_498",1
"cell_d0_499",1
"cell_d0_500",1
"cell_d0_501",1
"cell_d0_502",1
"cell_d0_503",1
"cell_d0_504",1
"cell_d0_505",1
"cell_d0_506",1
"cell_d0_507",1
"cell_d0_508",1
"cell_d0_509",1
"cell_d0_510",1
"cell_d0_511",1
"cell_d0_512",1
"cell_d0_513",1
"cell_d0_514",1
"cell_d0_515",1
"cell_d0_516",1
"cell_d0_517",1
"cell_d0_518",1
"cell_d0_519",1
"cell_d0_520",1
"cell_d0_521",1
"cell_d0_522",1
"cell_d0_523",1
"cell_d0_524",1
"cell_d0_525",1
"cell_d0_526",1
"cell_d0_527",1
"cell_d0_528",1
"cell_d0_529",1
"cell_d0_530",1
"cell_d0_531",1
"cell_d0_532",1
"cell_d0_533",1
"cell_d0_534",1
"cell_d0_535",1
"cell_d0_536",1
"cell_d0_537",1
"cell_d0_538",1
"cell_d0_539",1
"cell_d0_540",1
"cell_d0_541",1
"cell_d0_542",1
"cell_d0_543",1
"cell_d0_544",1
"cell_d0_545",1
"cell_d0_546",1
"cell_d0_547",1
"cell_d0_548",1
"cell_d0_549",1
"cell_d0_550",1
"cell_d0_551",1
"cell_d0_552",1
"cell_d0_553",1
"cell_d0_554",1
"cell_d0_555",1
"cell_d0_556",1
"cell_d0_557",1
"cell_d0_558",1
"cell_d0_559",1
"cell_d0_560",1
"cell_d0_561",1
"cell_d0_562",1
"cell_d0_563",1
"cell_d0_564",1
"cell_d0_565",1
"cell_d0_566",1
"cell_d0_567",1
"cell_d0_568",1
"cell_d0_569",1
"cell_d0_570",1
"cell_d0_571",1
"cell_d0_572",1
"cell_d0_573",1
"cell_d0_574",1
"cell_d0_575",1
"cell_d0_576",1
"cell_d0_577",1
"cell_d0_578",1
"cell_d0_579",1
"cell_d0_580",1
"cell_d0_581",1
"cell_d0_582",1
"cell_d0_583",1
"cell_d0_584",1
"cell_d0_585",1
"cell_d0_586",1
"cell_d0_587",1
"cell_d0_588",1
"cell_d0_589",1
"cell_d0_590",1
"cell_d0_591",1
"cell_d0_592",1
"cell_d0_593",1
"cell_d0_594",1
"cell_d0_595",1
"cell_d0_596",1
"cell_d0_597",1
"cell_d0_598",1
"cell_d0_599",1
"cell_d0_600",1
"cell_d0_601",1
"cell_d0_602",1
"cell_d0_603",1
"cell_d0_604",1
"cell_d0_605",1
"cell_d0_606",1
"cell_d0_607",1
"cell_d0_608",1
"cell_d0_609",1
"cell_d0_610",1
"cell_d0_611",1
"cell_d0_612",1
"cell_d0_613",1
"cell_d0_614",1
"cell_d0_615",1
"cell_d0_616",1
"cell_d0_617",1
"cell_d0_618",1
"cell_d0_619",1
"cell_d0_620",1
"cell_d0_621",1
"cell_d0_622",1
"cell_d0_623",1
"cell_d0_624",1
"cell_d0_625",1
"cell_d0_626",1
"cell_d0_627",1
"cell_d0_628",1
"cell_d0_629",1
"cell_d0_630",1
"cell_d0_631",1
"cell_d0_632",1
"cell_d0_633",1
"cell_d0_634",1
"cell_d0_635",1
"cell_d0_636",1
"cell_d0_637",1
"cell_d0_638",1
"cell_d0_639",1
"cell_d0_640",1
"cell_d0_641",1
"cell_d0_642",1
"cell_d0_643",1
"cell_d0_644",1
"cell_d0_645",1
"cell_d0_646",1
"cell_d0_647",1
"cell_d0_648",1
"cell_d0_649",1
"cell_d0_650",1
"cell_d0_651",1
"cell_d0_652",1
"cell_d0_653",1
"cell_d0_654",1
"cell_d0_655",1
"cell_d0_656",1
"cell_d0_657",1
"cell_d0_658",1
"cell_d0_659",1
"cell_d0_660",1
"cell_d0_661",1
"cell_d0_662",1
"cell_d0_663",1
"cell_d0_664",1
"cell_d0_665",1
"cell_d0_666",1
"cell_d0_667",1
"cell_d0_668",1
"cell_d0_669",1
"cell_d0_670",1
"cell_d0_671",1
"cell_d0_672",1
"cell_d0_673",1
"cell_d0_674",1
"cell_d0_675",1
"cell_d0_676",1
"cell_d0_677",1
"cell_d0_678",1
"cell_d0_679",1
"cell_d0_680",1
"cell_d0_681",1
"cell_d0_682",1
"cell_d0_683",1
"cell_d0_684",1
"cell_d0_685",1
"cell_d0_686",1
"cell_d0_687",1
"cell_d0_688",1
"cell_d0_689",1
"cell_d0_690",1
"cell_d0_691",1
"cell_d0_692",1
"cell_d0_693",1
"cell_d0_694",1
"cell_d0_695",1
"cell_d0_696",1
"cell_d0_697",1
"cell_d0_698",1
"cell_d0_699",1
"cell_d0_700",1
"cell_d0_701",1
"cell_d0_702",1
"cell_d0_703",1
"cell_d0_704",1
"cell_d0_705",1
"cell_d0_706",1
"cell_d0_707",1
"cell_d0_708",1
"cell_d0_709",1
"cell_d0_710",1
"cell_d0_711",1
"cell_d0_712",1
"cell_d0_713",1
"cell_d0_714",1
"cell_d0_715",1
"cell_d0_716",1
"cell_d0_717",1
"cell_d0_718",1
"cell_d0_719",1
"cell_d0_720",1
"cell_d0_721",1
"cell_d0_722",1
"cell_d0_723",1
"cell_d0_724",1
"cell_d0_725",1
"cell_d0_726",1
"cell_d0_727",1
"cell_d0_728",1
"cell_d0_729",1
"cell_d0_730",1
"cell_d0_731",1
"cell_d0_732",1
"cell_d0_733",1
"cell_d0_734",1
"cell_d0_735",1
"cell_d0_736",1
"cell_d0_737",1
"cell_d0_738",1
"cell_d0_739",1
"cell_d0_740",1
"cell_d0_741",1
"cell_d0_742",1
"cell_d0_743",1
"cell_d0_744",1
"cell_d0_745",1
"cell_d0_746",1
"cell_d0_747",1
"cell_d0_748",1
"cell_d0_749",1
"cell_d0_750",1
"cell_d0_751",1
"cell_d0_752",1
"cell_d0_753",1
"cell_d0_754",1
"cell_d0_755",1
"cell_d0_756",1
"cell_d0_757",1
"cell_d0_758",1
"cell_d0_759",1
"cell_d0_760",1
"cell_d0_761",1
"cell_d0_762",1
"cell_d0_763",1
"cell_d0_764",1
"cell_d0_765",1
"cell_d0_766",1
"cell_d0_767",1
"cell_d0_768",1
"cell_d0_769",1
"cell_d0_770",1
"cell_d0_771",1
"cell_d0_772",1
"cell_d0_773",1
"cell_d0_774",1
"cell_d0_775",1
"cell_d0_776",1
"cell_d0_777",1
"cell_d0_778",1
"cell_d0_779",1
"cell_d0_780",1
"cell_d0_781",1
"cell_d0_782",1
"cell_d0_783",1
"cell_d0_784",1
"cell_d0_785",1
"cell_d0_786",1
"cell_d0_787",1
"cell_d0_788",1
"cell_d0_789",1
"cell_d0_790",1
"cell_d0_791",1
"cell_d0_792",1
"cell_d0_793",1
"cell_d0_794",1
"cell_d0_795",1
"cell_d0_796",1
"cell_d0_797",1
"cell_d0_798",1
"cell_d0_799",1
"cell_d0_800",1
"cell_d0_801",1
"cell_d0_802",1
"cell_d0_803",1
"cell_d0_804",1
"cell_d0_805",1
"cell_d0_806",1
"cell_d0_807",1
"cell_d0_808",1
"cell_d0_809",1
"cell_d0_810",1
"cell_d0_811",1
"cell_d0_812",1
"cell_d0_813",1
"cell_d0_814",1
"cell_d0_815",1
"cell_d0_816",1
"cell_d0_817",1
"cell_d0_818",1
"cell_d0_819",1
"cell_d0_820",1
"cell_d0_821",1
"cell_d0_822",1
"cell_d0_823",1
"cell_d0_824",1
"cell_d0_825",1
"cell_d0_826",1
"cell_d0_827",1
"cell_d0_828",1
"cell_d0_829",1
"cell_d0_830",1
"cell_d0_831",1
"cell_d0_832",1
"cell_d0_833",1
"cell_d0_834",1
"cell_d0_835",1
"cell_d0_836",1
"cell_d0_837",1
"cell_d0_838",1
"cell_d0_839",1
"cell_d0_840",1
"cell_d0_841",1
"cell_d0_842",1
"cell_d0_843",1
"cell_d0_844",1
"cell_d0_845",1
"cell_d0_846",1
"cell_d0_847",1
"cell_d0_848",1
"cell_d0_849",1
"cell_d0_850",1
"cell_d0_851",1
"cell_d0_852",1
"cell_d0_853",1
"cell_d0_854",1
"cell_d0_855",1
"cell_d0_856",1
"cell_d0_857",1
"cell_d0_858",1
"cell_d0_859",1
"cell_d0_860",1
"cell_d0_861",1
"cell_d0_862",1
"cell_d0_863",1
"cell_d0_864",1
"cell_d0_865",1
"cell_d0_866",1
"cell_d0_867",1
"cell_d0_868",1
"cell_d0_869",1
"cell_d0_870",1
"cell_d0_871",1
"cell_d0_872",1
"cell_d0_873",1
"cell_d0_874",1
"cell_d0_875",1
"cell_d0_876",1
"cell_d0_877",1
"cell_d0_878",1
"cell_d0_879",1
"cell_d0_880",1
"cell_d0_881",1
"cell_d0_882",1
"cell_d0_883",1
"cell_d0_884",1
"cell_d0_885",1
"cell_d0_886",1
"cell_d0_887",1
"cell_d0_888",1
"cell_d0_889",1
"cell_d0_890",1
"cell_d0_891",1
"cell_d0_892",1
"cell_d0_893",1
"cell_d0_894",1
"cell_d0_895",1
"cell_d0_896",1
"cell_d0_897",1
"cell_d0_898",1
"cell_d0_899",1
"cell_d0_900",1
"cell_d0_901",1
"cell_d0_902",1
"cell_d0_903",1
"cell_d0_904",1
"cell_d0_905",1
"cell_d0_906",1
"cell_d0_907",1
"cell_d0_908",1
"cell_d0_909",1
"cell_d0_910",1
"cell_d0_911",1
"cell_d0_912",1
"cell_d0_913",1
"cell_d0_914",1
"cell_d0_915",1
"cell_d0_916",1
"cell_d0_917",1
"cell_d0_918",1
"cell_d0_919",1
"cell_d0_920",1
"cell_d0_921",1
"cell_d0_922",1
"cell_d0_923",1
"cell_d0_924",1
"cell_d0_925",1
"cell_d0_926",1
"cell_d0_927",1
"cell_d0_928",1
"cell_d0_929",1
"cell_d0_930",1
"cell_d0_931",1
"cell_d0_932",1
"cell_d0_933",1
"cell_d2_1",2
"cell_d2_2",2
"cell_d2_3",2
"cell_d2_4",2
"cell_d2_5",2
"cell_d2_6",2
"cell_d2_7",2
"cell_d2_8",2
"cell_d2_9",2
"cell_d2_10",2
"cell_d2_11",2
"cell_d2_12",2
"cell_d2_13",2
"cell_d2_15",2
"cell_d2_16",2
"cell_d2_17",2
"cell_d2_18",2
"cell_d2_20",2
"cell_d2_21",2
"cell_d2_22",2
"cell_d2_23",2
"cell_d2_24",2
"cell_d2_27",2
"cell_d2_29",2
"cell_d2_30",2
"cell_d2_32",2
"cell_d2_33",2
"cell_d2_34",2
"cell_d2_35",2
"cell_d2_36",2
"cell_d2_37",2
"cell_d2_38",2
"cell_d2_39",2
"cell_d2_40",2
"cell_d2_41",2
"cell_d2_44",2
"cell_d2_45",2
"cell_d2_46",2
"cell_d2_47",2
"cell_d2_48",2
"cell_d2_49",2
"cell_d2_50",2
"cell_d2_51",2
"cell_d2_52",2
"cell_d2_53",2
"cell_d2_54",2
"cell_d2_56",2
"cell_d2_57",2
"cell_d2_58",2
"cell_d2_60",2
"cell_d2_62",2
"cell_d2_63",2
"cell_d2_64",2
"cell_d2_65",2
"cell_d2_67",2
"cell_d2_68",2
"cell_d2_69",2
"cell_d2_70",2
"cell_d2_71",2
"cell_d2_72",2
"cell_d2_73",2
"cell_d2_74",2
"cell_d2_75",2
"cell_d2_76",2
"cell_d2_78",2
"cell_d2_79",2
"cell_d2_80",2
"cell_d2_81",2
"cell_d2_82",2
"cell_d2_84",2
"cell_d2_85",2
"cell_d2_86",2
"cell_d2_87",2
"cell_d2_88",2
"cell_d2_89",2
"cell_d2_91",2
"cell_d2_92",2
"cell_d2_93",2
"cell_d2_96",2
"cell_d2_97",2
"cell_d2_98",2
"cell_d2_99",2
"cell_d2_100",2
"cell_d2_101",2
"cell_d2_102",2
"cell_d2_103",2
"cell_d2_104",2
"cell_d2_105",2
"cell_d2_106",2
"cell_d2_108",2
"cell_d2_109",2
"cell_d2_110",2
"cell_d2_111",2
"cell_d2_112",2
"cell_d2_113",2
"cell_d2_114",2
"cell_d2_115",2
"cell_d2_116",2
"cell_d2_118",2
"cell_d2_119",2
"cell_d2_120",2
"cell_d2_121",2
"cell_d2_122",2
"cell_d2_123",2
"cell_d2_124",2
"cell_d2_125",2
"cell_d2_126",2
"cell_d2_129",2
"cell_d2_130",2
"cell_d2_132",2
"cell_d2_133",2
"cell_d2_134",2
"cell_d2_135",2
"cell_d2_136",2
"cell_d2_137",2
"cell_d2_138",2
"cell_d2_139",2
"cell_d2_140",2
"cell_d2_141",2
"cell_d2_142",2
"cell_d2_143",2
"cell_d2_146",2
"cell_d2_147",2
"cell_d2_149",2
"cell_d2_151",2
"cell_d2_152",2
"cell_d2_153",2
"cell_d2_154",2
"cell_d2_156",2
"cell_d2_159",2
"cell_d2_160",2
"cell_d2_162",2
"cell_d2_164",2
"cell_d2_165",2
"cell_d2_166",2
"cell_d2_167",2
"cell_d2_169",2
"cell_d2_170",2
"cell_d2_171",2
"cell_d2_172",2
"cell_d2_173",2
"cell_d2_174",2
"cell_d2_175",2
"cell_d2_176",2
"cell_d2_177",2
"cell_d2_178",2
"cell_d2_179",2
"cell_d2_180",2
"cell_d2_181",2
"cell_d2_182",2
"cell_d2_183",2
"cell_d2_184",2
"cell_d2_185",2
"cell_d2_187",2
"cell_d2_188",2
"cell_d2_189",2
"cell_d2_191",2
"cell_d2_192",2
"cell_d2_194",2
"cell_d2_195",2
"cell_d2_196",2
"cell_d2_197",2
"cell_d2_198",2
"cell_d2_199",2
"cell_d2_200",2
"cell_d2_201",2
"cell_d2_202",2
"cell_d2_203",2
"cell_d2_204",2
"cell_d2_205",2
"cell_d2_206",2
"cell_d2_207",2
"cell_d2_208",2
"cell_d2_210",2
"cell_d2_211",2
"cell_d2_212",2
"cell_d2_213",2
"cell_d2_215",2
"cell_d2_216",2
"cell_d2_217",2
"cell_d2_218",2
"cell_d2_219",2
"cell_d2_221",2
"cell_d2_222",2
"cell_d2_223",2
"cell_d2_224",2
"cell_d2_225",2
"cell_d2_226",2
"cell_d2_227",2
"cell_d2_228",2
"cell_d2_229",2
"cell_d2_230",2
"cell_d2_231",2
"cell_d2_232",2
"cell_d2_233",2
"cell_d2_234",2
"cell_d2_235",2
"cell_d2_236",2
"cell_d2_238",2
"cell_d2_239",2
"cell_d2_240",2
"cell_d2_241",2
"cell_d2_242",2
"cell_d2_243",2
"cell_d2_244",2
"cell_d2_245",2
"cell_d2_246",2
"cell_d2_248",2
"cell_d2_249",2
"cell_d2_250",2
"cell_d2_251",2
"cell_d2_252",2
"cell_d2_254",2
"cell_d2_255",2
"cell_d2_256",2
"cell_d2_257",2
"cell_d2_258",2
"cell_d2_259",2
"cell_d2_260",2
"cell_d2_261",2
"cell_d2_262",2
"cell_d2_263",2
"cell_d2_265",2
"cell_d2_266",2
"cell_d2_267",2
"cell_d2_268",2
"cell_d2_269",2
"cell_d2_270",2
"cell_d2_271",2
"cell_d2_272",2
"cell_d2_274",2
"cell_d2_275",2
"cell_d2_277",2
"cell_d2_278",2
"cell_d2_279",2
"cell_d2_281",2
"cell_d2_282",2
"cell_d2_283",2
"cell_d2_285",2
"cell_d2_286",2
"cell_d2_287",2
"cell_d2_288",2
"cell_d2_289",2
"cell_d2_290",2
"cell_d2_291",2
"cell_d2_292",2
"cell_d2_293",2
"cell_d2_294",2
"cell_d2_295",2
"cell_d2_296",2
"cell_d2_297",2
"cell_d2_298",2
"cell_d2_299",2
"cell_d2_301",2
"cell_d2_302",2
"cell_d2_303",2
"cell_d4_2",3
"cell_d4_3",3
"cell_d4_4",3
"cell_d4_8",3
"cell_d4_10",3
"cell_d4_11",3
"cell_d4_16",3
"cell_d4_18",3
"cell_d4_19",3
"cell_d4_21",3
"cell_d4_24",3
"cell_d4_25",3
"cell_d4_27",3
"cell_d4_28",3
"cell_d4_36",3
"cell_d4_43",3
"cell_d4_45",3
"cell_d4_47",3
"cell_d4_48",3
"cell_d4_52",3
"cell_d4_55",3
"cell_d4_58",3
"cell_d4_60",3
"cell_d4_62",3
"cell_d4_63",3
"cell_d4_68",3
"cell_d4_70",3
"cell_d4_72",3
"cell_d4_73",3
"cell_d4_74",3
"cell_d4_75",3
"cell_d4_76",3
"cell_d4_80",3
"cell_d4_81",3
"cell_d4_84",3
"cell_d4_86",3
"cell_d4_90",3
"cell_d4_91",3
"cell_d4_92",3
"cell_d4_93",3
"cell_d4_97",3
"cell_d4_100",3
"cell_d4_105",3
"cell_d4_108",3
"cell_d4_110",3
"cell_d4_111",3
"cell_d4_119",3
"cell_d4_121",3
"cell_d4_124",3
"cell_d4_125",3
"cell_d4_126",3
"cell_d4_130",3
"cell_d4_133",3
"cell_d4_134",3
"cell_d4_136",3
"cell_d4_138",3
"cell_d4_139",3
"cell_d4_140",3
"cell_d4_144",3
"cell_d4_152",3
"cell_d4_153",3
"cell_d4_155",3
"cell_d4_158",3
"cell_d4_169",3
"cell_d4_170",3
"cell_d4_171",3
"cell_d4_175",3
"cell_d4_177",3
"cell_d4_178",3
"cell_d4_189",3
"cell_d4_190",3
"cell_d4_192",3
"cell_d4_193",3
"cell_d4_205",3
"cell_d4_206",3
"cell_d4_208",3
"cell_d4_209",3
"cell_d4_210",3
"cell_d4_211",3
"cell_d4_212",3
"cell_d4_217",3
"cell_d4_219",3
"cell_d4_221",3
"cell_d4_223",3
"cell_d4_225",3
"cell_d4_226",3
"cell_d4_227",3
"cell_d4_228",3
"cell_d4_229",3
"cell_d4_233",3
"cell_d4_234",3
"cell_d4_236",3
"cell_d4_238",3
"cell_d4_241",3
"cell_d4_242",3
"cell_d4_243",3
"cell_d4_244",3
"cell_d4_245",3
"cell_d4_248",3
"cell_d4_250",3
"cell_d4_252",3
"cell_d4_261",3
"cell_d4_264",3
"cell_d4_266",3
"cell_d4_268",3
"cell_d4_269",3
"cell_d4_275",3
"cell_d4_277",3
"cell_d4_279",3
"cell_d4_280",3
"cell_d4_301",3
"cell_d4_302",3
"cell_d4_307",3
"cell_d4_309",3
"cell_d4_314",3
"cell_d4_316",3
"cell_d4_321",3
"cell_d4_325",3
"cell_d4_327",3
"cell_d4_328",3
"cell_d4_330",3
"cell_d4_332",3
"cell_d4_337",3
"cell_d4_338",3
"cell_d4_339",3
"cell_d4_340",3
"cell_d4_341",3
"cell_d4_342",3
"cell_d4_344",3
"cell_d4_345",3
"cell_d4_348",3
"cell_d4_350",3
"cell_d4_353",3
"cell_d4_356",3
"cell_d4_363",3
"cell_d4_364",3
"cell_d4_366",3
"cell_d4_368",3
"cell_d4_369",3
"cell_d4_371",3
"cell_d4_372",3
"cell_d4_373",3
"cell_d4_376",3
"cell_d4_378",3
"cell_d4_382",3
"cell_d4_384",3
"cell_d4_387",3
"cell_d4_391",3
"cell_d4_392",3
"cell_d4_396",3
"cell_d4_398",3
"cell_d4_400",3
"cell_d4_402",3
"cell_d4_410",3
"cell_d4_418",3
"cell_d4_419",3
"cell_d4_424",3
"cell_d4_425",3
"cell_d4_426",3
"cell_d4_428",3
"cell_d4_430",3
"cell_d4_433",3
"cell_d4_440",3
"cell_d4_441",3
"cell_d4_442",3
"cell_d4_443",3
"cell_d4_446",3
"cell_d4_448",3
"cell_d4_455",3
"cell_d4_456",3
"cell_d4_460",3
"cell_d4_462",3
"cell_d4_465",3
"cell_d4_466",3
"cell_d4_468",3
"cell_d4_471",3
"cell_d4_472",3
"cell_d4_481",3
"cell_d4_483",3
"cell_d4_488",3
"cell_d4_489",3
"cell_d4_491",3
"cell_d4_492",3
"cell_d4_494",3
"cell_d4_499",3
"cell_d4_501",3
"cell_d4_503",3
"cell_d4_504",3
"cell_d4_505",3
"cell_d4_506",3
"cell_d4_511",3
"cell_d4_513",3
"cell_d4_515",3
"cell_d4_516",3
"cell_d4_520",3
"cell_d4_523",3
"cell_d4_526",3
"cell_d4_528",3
"cell_d4_531",3
"cell_d4_534",3
"cell_d4_537",3
"cell_d4_542",3
"cell_d4_544",3
"cell_d4_546",3
"cell_d4_547",3
"cell_d4_555",3
"cell_d4_557",3
"cell_d4_558",3
"cell_d4_561",3
"cell_d4_562",3
"cell_d4_564",3
"cell_d4_565",3
"cell_d4_566",3
"cell_d4_568",3
"cell_d4_576",3
"cell_d4_577",3
"cell_d4_578",3
"cell_d4_580",3
"cell_d4_582",3
"cell_d4_593",3
"cell_d4_599",3
"cell_d4_604",3
"cell_d4_610",3
"cell_d4_614",3
"cell_d4_620",3
"cell_d4_625",3
"cell_d4_628",3
"cell_d4_631",3
"cell_d4_632",3
"cell_d4_634",3
"cell_d4_635",3
"cell_d4_637",3
"cell_d4_639",3
"cell_d4_646",3
"cell_d4_649",3
"cell_d4_653",3
"cell_d4_654",3
"cell_d4_657",3
"cell_d4_661",3
"cell_d4_664",3
"cell_d4_666",3
"cell_d4_671",3
"cell_d4_673",3
"cell_d4_674",3
"cell_d4_675",3
"cell_d4_683",3
"cell_d7_1",4
"cell_d7_2",4
"cell_d7_3",4
"cell_d7_4",4
"cell_d7_5",4
"cell_d7_6",4
"cell_d7_7",4
"cell_d7_8",4
"cell_d7_9",4
"cell_d7_10",4
"cell_d7_11",4
"cell_d7_12",4
"cell_d7_13",4
"cell_d7_14",4
"cell_d7_15",4
"cell_d7_16",4
"cell_d7_17",4
"cell_d7_18",4
"cell_d7_19",4
"cell_d7_20",4
"cell_d7_21",4
"cell_d7_22",4
"cell_d7_23",4
"cell_d7_24",4
"cell_d7_25",4
"cell_d7_26",4
"cell_d7_27",4
"cell_d7_28",4
"cell_d7_29",4
"cell_d7_30",4
"cell_d7_31",4
"cell_d7_32",4
"cell_d7_33",4
"cell_d7_34",4
"cell_d7_35",4
"cell_d7_36",4
"cell_d7_37",4
"cell_d7_38",4
"cell_d7_39",4
"cell_d7_40",4
"cell_d7_41",4
"cell_d7_42",4
"cell_d7_43",4
"cell_d7_44",4
"cell_d7_45",4
"cell_d7_46",4
"cell_d7_47",4
"cell_d7_48",4
"cell_d7_49",4
"cell_d7_50",4
"cell_d7_51",4
"cell_d7_52",4
"cell_d7_53",4
"cell_d7_54",4
"cell_d7_55",4
"cell_d7_56",4
"cell_d7_57",4
"cell_d7_58",4
"cell_d7_59",4
"cell_d7_60",4
"cell_d7_61",4
"cell_d7_62",4
"cell_d7_63",4
"cell_d7_64",4
"cell_d7_65",4
"cell_d7_66",4
"cell_d7_67",4
"cell_d7_68",4
"cell_d7_69",4
"cell_d7_70",4
"cell_d7_71",4
"cell_d7_72",4
"cell_d7_73",4
"cell_d7_74",4
"cell_d7_75",4
"cell_d7_76",4
"cell_d7_77",4
"cell_d7_78",4
"cell_d7_79",4
"cell_d7_80",4
"cell_d7_81",4
"cell_d7_82",4
"cell_d7_83",4
"cell_d7_84",4
"cell_d7_85",4
"cell_d7_86",4
"cell_d7_87",4
"cell_d7_88",4
"cell_d7_89",4
"cell_d7_90",4
"cell_d7_91",4
"cell_d7_92",4
"cell_d7_93",4
"cell_d7_94",4
"cell_d7_95",4
"cell_d7_96",4
"cell_d7_97",4
"cell_d7_98",4
"cell_d7_99",4
"cell_d7_100",4
"cell_d7_101",4
"cell_d7_102",4
"cell_d7_103",4
"cell_d7_104",4
"cell_d7_105",4
"cell_d7_106",4
"cell_d7_107",4
"cell_d7_108",4
"cell_d7_109",4
"cell_d7_110",4
"cell_d7_111",4
"cell_d7_112",4
"cell_d7_113",4
"cell_d7_114",4
"cell_d7_115",4
"cell_d7_116",4
"cell_d7_117",4
"cell_d7_118",4
"cell_d7_119",4
"cell_d7_120",4
"cell_d7_121",4
"cell_d7_122",4
"cell_d7_123",4
"cell_d7_124",4
"cell_d7_125",4
"cell_d7_126",4
"cell_d7_127",4
"cell_d7_128",4
"cell_d7_129",4
"cell_d7_130",4
"cell_d7_131",4
"cell_d7_132",4
"cell_d7_133",4
"cell_d7_134",4
"cell_d7_135",4
"cell_d7_136",4
"cell_d7_137",4
"cell_d7_138",4
"cell_d7_139",4
"cell_d7_140",4
"cell_d7_141",4
"cell_d7_142",4
"cell_d7_143",4
"cell_d7_144",4
"cell_d7_145",4
"cell_d7_146",4
"cell_d7_147",4
"cell_d7_148",4
"cell_d7_149",4
"cell_d7_150",4
"cell_d7_151",4
"cell_d7_152",4
"cell_d7_153",4
"cell_d7_154",4
"cell_d7_155",4
"cell_d7_156",4
"cell_d7_157",4
"cell_d7_158",4
"cell_d7_159",4
"cell_d7_160",4
"cell_d7_161",4
"cell_d7_162",4
"cell_d7_163",4
"cell_d7_164",4
"cell_d7_165",4
"cell_d7_166",4
"cell_d7_167",4
"cell_d7_168",4
"cell_d7_169",4
"cell_d7_170",4
"cell_d7_171",4
"cell_d7_172",4
"cell_d7_173",4
"cell_d7_174",4
"cell_d7_175",4
"cell_d7_176",4
"cell_d7_177",4
"cell_d7_178",4
"cell_d7_179",4
"cell_d7_180",4
"cell_d7_181",4
"cell_d7_182",4
"cell_d7_183",4
"cell_d7_184",4
"cell_d7_185",4
"cell_d7_186",4
"cell_d7_187",4
"cell_d7_188",4
"cell_d7_189",4
"cell_d7_190",4
"cell_d7_191",4
"cell_d7_192",4
"cell_d7_193",4
"cell_d7_194",4
"cell_d7_195",4
"cell_d7_196",4
"cell_d7_197",4
"cell_d7_198",4
"cell_d7_199",4
"cell_d7_200",4
"cell_d7_201",4
"cell_d7_202",4
"cell_d7_203",4
"cell_d7_204",4
"cell_d7_205",4
"cell_d7_206",4
"cell_d7_207",4
"cell_d7_208",4
"cell_d7_209",4
"cell_d7_210",4
"cell_d7_211",4
"cell_d7_212",4
"cell_d7_213",4
"cell_d7_214",4
"cell_d7_215",4
"cell_d7_216",4
"cell_d7_217",4
"cell_d7_218",4
"cell_d7_219",4
"cell_d7_220",4
"cell_d7_221",4
"cell_d7_222",4
"cell_d7_223",4
"cell_d7_224",4
"cell_d7_225",4
"cell_d7_226",4
"cell_d7_227",4
"cell_d7_228",4
"cell_d7_229",4
"cell_d7_230",4
"cell_d7_231",4
"cell_d7_232",4
"cell_d7_233",4
"cell_d7_234",4
"cell_d7_235",4
"cell_d7_236",4
"cell_d7_237",4
"cell_d7_238",4
"cell_d7_239",4
"cell_d7_240",4
"cell_d7_241",4
"cell_d7_242",4
"cell_d7_243",4
"cell_d7_244",4
"cell_d7_245",4
"cell_d7_246",4
"cell_d7_247",4
"cell_d7_248",4
"cell_d7_249",4
"cell_d7_250",4
"cell_d7_251",4
"cell_d7_252",4
"cell_d7_253",4
"cell_d7_254",4
"cell_d7_255",4
"cell_d7_256",4
"cell_d7_257",4
"cell_d7_258",4
"cell_d7_259",4
"cell_d7_260",4
"cell_d7_261",4
"cell_d7_262",4
"cell_d7_263",4
"cell_d7_264",4
"cell_d7_265",4
"cell_d7_266",4
"cell_d7_267",4
"cell_d7_268",4
"cell_d7_269",4
"cell_d7_270",4
"cell_d7_271",4
"cell_d7_272",4
"cell_d7_273",4
"cell_d7_274",4
"cell_d7_275",4
"cell_d7_276",4
"cell_d7_277",4
"cell_d7_278",4
"cell_d7_279",4
"cell_d7_280",4
"cell_d7_281",4
"cell_d7_282",4
"cell_d7_283",4
"cell_d7_284",4
"cell_d7_285",4
"cell_d7_286",4
"cell_d7_287",4
"cell_d7_288",4
"cell_d7_289",4
"cell_d7_290",4
"cell_d7_291",4
"cell_d7_292",4
"cell_d7_293",4
"cell_d7_294",4
"cell_d7_295",4
"cell_d7_296",4
"cell_d7_297",4
"cell_d7_298",4
"cell_d7_299",4
"cell_d7_300",4
"cell_d7_301",4
"cell_d7_302",4
"cell_d7_303",4
"cell_d7_304",4
"cell_d7_305",4
"cell_d7_306",4
"cell_d7_307",4
"cell_d7_308",4
"cell_d7_309",4
"cell_d7_310",4
"cell_d7_311",4
"cell_d7_312",4
"cell_d7_313",4
"cell_d7_314",4
"cell_d7_315",4
"cell_d7_316",4
"cell_d7_317",4
"cell_d7_318",4
"cell_d7_319",4
"cell_d7_320",4
"cell_d7_321",4
"cell_d7_322",4
"cell_d7_323",4
"cell_d7_324",4
"cell_d7_325",4
"cell_d7_326",4
"cell_d7_327",4
"cell_d7_328",4
"cell_d7_329",4
"cell_d7_330",4
"cell_d7_331",4
"cell_d7_332",4
"cell_d7_333",4
"cell_d7_334",4
"cell_d7_335",4
"cell_d7_336",4
"cell_d7_337",4
"cell_d7_338",4
"cell_d7_339",4
"cell_d7_340",4
"cell_d7_341",4
"cell_d7_342",4
"cell_d7_343",4
"cell_d7_344",4
"cell_d7_345",4
"cell_d7_346",4
"cell_d7_347",4
"cell_d7_348",4
"cell_d7_349",4
"cell_d7_350",4
"cell_d7_351",4
"cell_d7_352",4
"cell_d7_353",4
"cell_d7_354",4
"cell_d7_355",4
"cell_d7_356",4
"cell_d7_357",4
"cell_d7_358",4
"cell_d7_359",4
"cell_d7_360",4
"cell_d7_361",4
"cell_d7_362",4
"cell_d7_363",4
"cell_d7_364",4
"cell_d7_365",4
"cell_d7_366",4
"cell_d7_367",4
"cell_d7_368",4
"cell_d7_369",4
"cell_d7_370",4
"cell_d7_371",4
"cell_d7_372",4
"cell_d7_373",4
"cell_d7_374",4
"cell_d7_375",4
"cell_d7_376",4
"cell_d7_377",4
"cell_d7_378",4
"cell_d7_379",4
"cell_d7_380",4
"cell_d7_381",4
"cell_d7_382",4
"cell_d7_383",4
"cell_d7_384",4
"cell_d7_385",4
"cell_d7_386",4
"cell_d7_387",4
"cell_d7_388",4
"cell_d7_389",4
"cell_d7_390",4
"cell_d7_391",4
"cell_d7_392",4
"cell_d7_393",4
"cell_d7_394",4
"cell_d7_395",4
"cell_d7_396",4
"cell_d7_397",4
"cell_d7_398",4
"cell_d7_399",4
"cell_d7_400",4
"cell_d7_401",4
"cell_d7_402",4
"cell_d7_403",4
"cell_d7_404",4
"cell_d7_405",4
"cell_d7_406",4
"cell_d7_407",4
"cell_d7_408",4
"cell_d7_409",4
"cell_d7_410",4
"cell_d7_411",4
"cell_d7_412",4
"cell_d7_413",4
"cell_d7_414",4
"cell_d7_415",4
"cell_d7_416",4
"cell_d7_417",4
"cell_d7_418",4
"cell_d7_419",4
"cell_d7_420",4
"cell_d7_421",4
"cell_d7_422",4
"cell_d7_423",4
"cell_d7_424",4
"cell_d7_425",4
"cell_d7_426",4
"cell_d7_427",4
"cell_d7_428",4
"cell_d7_429",4
"cell_d7_430",4
"cell_d7_431",4
"cell_d7_432",4
"cell_d7_433",4
"cell_d7_434",4
"cell_d7_435",4
"cell_d7_436",4
"cell_d7_437",4
"cell_d7_438",4
"cell_d7_439",4
"cell_d7_440",4
"cell_d7_441",4
"cell_d7_442",4
"cell_d7_443",4
"cell_d7_444",4
"cell_d7_445",4
"cell_d7_446",4
"cell_d7_447",4
"cell_d7_448",4
"cell_d7_449",4
"cell_d7_450",4
"cell_d7_451",4
"cell_d7_452",4
"cell_d7_453",4
"cell_d7_454",4
"cell_d7_455",4
"cell_d7_456",4
"cell_d7_457",4
"cell_d7_458",4
"cell_d7_459",4
"cell_d7_460",4
"cell_d7_461",4
"cell_d7_462",4
"cell_d7_463",4
"cell_d7_464",4
"cell_d7_465",4
"cell_d7_466",4
"cell_d7_467",4
"cell_d7_468",4
"cell_d7_469",4
"cell_d7_470",4
"cell_d7_471",4
"cell_d7_472",4
"cell_d7_473",4
"cell_d7_474",4
"cell_d7_475",4
"cell_d7_476",4
"cell_d7_477",4
"cell_d7_478",4
"cell_d7_479",4
"cell_d7_480",4
"cell_d7_481",4
"cell_d7_482",4
"cell_d7_483",4
"cell_d7_484",4
"cell_d7_485",4
"cell_d7_486",4
"cell_d7_487",4
"cell_d7_488",4
"cell_d7_489",4
"cell_d7_490",4
"cell_d7_491",4
"cell_d7_492",4
"cell_d7_493",4
"cell_d7_494",4
"cell_d7_495",4
"cell_d7_496",4
"cell_d7_497",4
"cell_d7_498",4
"cell_d7_499",4
"cell_d7_500",4
"cell_d7_501",4
"cell_d7_502",4
"cell_d7_503",4
"cell_d7_504",4
"cell_d7_505",4
"cell_d7_506",4
"cell_d7_507",4
"cell_d7_508",4
"cell_d7_509",4
"cell_d7_510",4
"cell_d7_511",4
"cell_d7_512",4
"cell_d7_513",4
"cell_d7_514",4
"cell_d7_515",4
"cell_d7_516",4
"cell_d7_517",4
"cell_d7_518",4
"cell_d7_519",4
"cell_d7_520",4
"cell_d7_521",4
"cell_d7_522",4
"cell_d7_523",4
"cell_d7_524",4
"cell_d7_525",4
"cell_d7_526",4
"cell_d7_527",4
"cell_d7_528",4
"cell_d7_529",4
"cell_d7_530",4
"cell_d7_531",4
"cell_d7_532",4
"cell_d7_533",4
"cell_d7_534",4
"cell_d7_535",4
"cell_d7_536",4
"cell_d7_537",4
"cell_d7_538",4
"cell_d7_539",4
"cell_d7_540",4
"cell_d7_541",4
"cell_d7_542",4
"cell_d7_543",4
"cell_d7_544",4
"cell_d7_545",4
"cell_d7_546",4
"cell_d7_547",4
"cell_d7_548",4
"cell_d7_549",4
"cell_d7_550",4
"cell_d7_551",4
"cell_d7_552",4
"cell_d7_553",4
"cell_d7_554",4
"cell_d7_555",4
"cell_d7_556",4
"cell_d7_557",4
"cell_d7_558",4
"cell_d7_559",4
"cell_d7_560",4
"cell_d7_561",4
"cell_d7_562",4
"cell_d7_563",4
"cell_d7_564",4
"cell_d7_565",4
"cell_d7_566",4
"cell_d7_567",4
"cell_d7_568",4
"cell_d7_569",4
"cell_d7_570",4
"cell_d7_571",4
"cell_d7_572",4
"cell_d7_573",4
"cell_d7_574",4
"cell_d7_575",4
"cell_d7_576",4
"cell_d7_577",4
"cell_d7_578",4
"cell_d7_579",4
"cell_d7_580",4
"cell_d7_581",4
"cell_d7_582",4
"cell_d7_583",4
"cell_d7_584",4
"cell_d7_585",4
"cell_d7_586",4
"cell_d7_587",4
"cell_d7_588",4
"cell_d7_589",4
"cell_d7_590",4
"cell_d7_591",4
"cell_d7_592",4
"cell_d7_593",4
"cell_d7_594",4
"cell_d7_595",4
"cell_d7_596",4
"cell_d7_597",4
"cell_d7_598",4
"cell_d7_599",4
"cell_d7_600",4
"cell_d7_601",4
"cell_d7_602",4
"cell_d7_603",4
"cell_d7_604",4
"cell_d7_605",4
"cell_d7_606",4
"cell_d7_607",4
"cell_d7_608",4
"cell_d7_609",4
"cell_d7_610",4
"cell_d7_611",4
"cell_d7_612",4
"cell_d7_613",4
"cell_d7_614",4
"cell_d7_615",4
"cell_d7_616",4
"cell_d7_617",4
"cell_d7_618",4
"cell_d7_619",4
"cell_d7_620",4
"cell_d7_621",4
"cell_d7_622",4
"cell_d7_623",4
"cell_d7_624",4
"cell_d7_625",4
"cell_d7_626",4
"cell_d7_627",4
"cell_d7_628",4
"cell_d7_629",4
"cell_d7_630",4
"cell_d7_631",4
"cell_d7_632",4
"cell_d7_633",4
"cell_d7_634",4
"cell_d7_635",4
"cell_d7_636",4
"cell_d7_637",4
"cell_d7_638",4
"cell_d7_639",4
"cell_d7_640",4
"cell_d7_641",4
"cell_d7_642",4
"cell_d7_643",4
"cell_d7_644",4
"cell_d7_645",4
"cell_d7_646",4
"cell_d7_647",4
"cell_d7_648",4
"cell_d7_649",4
"cell_d7_650",4
"cell_d7_651",4
"cell_d7_652",4
"cell_d7_653",4
"cell_d7_654",4
"cell_d7_655",4
"cell_d7_656",4
"cell_d7_657",4
"cell_d7_658",4
"cell_d7_659",4
"cell_d7_660",4
"cell_d7_661",4
"cell_d7_662",4
"cell_d7_663",4
"cell_d7_664",4
"cell_d7_665",4
"cell_d7_666",4
"cell_d7_667",4
"cell_d7_668",4
"cell_d7_669",4
"cell_d7_670",4
"cell_d7_671",4
"cell_d7_672",4
"cell_d7_673",4
"cell_d7_674",4
"cell_d7_675",4
"cell_d7_676",4
"cell_d7_677",4
"cell_d7_678",4
"cell_d7_679",4
"cell_d7_680",4
"cell_d7_681",4
"cell_d7_682",4
"cell_d7_683",4
"cell_d7_684",4
"cell_d7_685",4
"cell_d7_686",4
"cell_d7_687",4
"cell_d7_688",4
"cell_d7_689",4
"cell_d7_690",4
"cell_d7_691",4
"cell_d7_692",4
"cell_d7_693",4
"cell_d7_694",4
"cell_d7_695",4
"cell_d7_696",4
"cell_d7_697",4
"cell_d7_698",4
"cell_d7_699",4
"cell_d7_700",4
"cell_d7_701",4
"cell_d7_702",4
"cell_d7_703",4
"cell_d7_704",4
"cell_d7_705",4
"cell_d7_706",4
"cell_d7_707",4
"cell_d7_708",4
"cell_d7_709",4
"cell_d7_710",4
"cell_d7_711",4
"cell_d7_712",4
"cell_d7_713",4
"cell_d7_714",4
"cell_d7_715",4
"cell_d7_716",4
"cell_d7_717",4
"cell_d7_718",4
"cell_d7_719",4
"cell_d7_720",4
"cell_d7_721",4
"cell_d7_722",4
"cell_d7_723",4
"cell_d7_724",4
"cell_d7_725",4
"cell_d7_726",4
"cell_d7_727",4
"cell_d7_728",4
"cell_d7_729",4
"cell_d7_730",4
"cell_d7_731",4
"cell_d7_732",4
"cell_d7_733",4
"cell_d7_734",4
"cell_d7_735",4
"cell_d7_736",4
"cell_d7_737",4
"cell_d7_738",4
"cell_d7_739",4
"cell_d7_740",4
"cell_d7_741",4
"cell_d7_742",4
"cell_d7_743",4
"cell_d7_744",4
"cell_d7_745",4
"cell_d7_746",4
"cell_d7_747",4
"cell_d7_748",4
"cell_d7_749",4
"cell_d7_750",4
"cell_d7_751",4
"cell_d7_752",4
"cell_d7_753",4
"cell_d7_754",4
"cell_d7_755",4
"cell_d7_756",4
"cell_d7_757",4
"cell_d7_758",4
"cell_d7_759",4
"cell_d7_760",4
"cell_d7_761",4
"cell_d7_762",4
"cell_d7_763",4
"cell_d7_764",4
"cell_d7_765",4
"cell_d7_766",4
"cell_d7_767",4
"cell_d7_768",4
"cell_d7_769",4
"cell_d7_770",4
"cell_d7_771",4
"cell_d7_772",4
"cell_d7_773",4
"cell_d7_774",4
"cell_d7_775",4
"cell_d7_776",4
"cell_d7_777",4
"cell_d7_778",4
"cell_d7_779",4
"cell_d7_780",4
"cell_d7_781",4
"cell_d7_782",4
"cell_d7_783",4
"cell_d7_784",4
"cell_d7_785",4
"cell_d7_786",4
"cell_d7_787",4
"cell_d7_788",4
"cell_d7_789",4
"cell_d7_790",4
"cell_d7_791",4
"cell_d7_792",4
"cell_d7_793",4
"cell_d7_794",4
"cell_d7_795",4
"cell_d7_796",4
"cell_d7_797",4
"cell_d7_798",4
